Veritrace_ID,USTC_ID,Added by,Subcorpus,Subcorpus_2 (if any),CRC_Type,USTC copies,Principal Author,Additional Author,Additional Author2,Additional Author3,Additional Author4,Additional Author5,Contributor,Contributor2,Contributor3,Translator,Short Title,Imprint,Format,Pagination,Place of Printing,Printer/Publisher,Printer/Publisher2,Printer/Publisher3,Date of Publication,Language,USTC Permalink,GW_ID,GW_URL,ISTC_ID,ISTC URL,MEI URL,Verzeichnis 16. Jahrhunders ID (VD16) ID,VD16 Permalink,OPAC SBN ID,OPAC SBN URL,ESTC,SOURCE COMMENTS (Input),Dannenfeldt Cat.,Verified Digital Copy URL,MDZ Link,TaxonomyID,Copy-text?,Taxonomy
135,1803892.0,,Hermetic Corpus,,,5.0,"Trismegistus, Hermes",,,,,,,,,,Sesthien boecken,"Amstelredam, P. La Burgh bookseller, (colophon: 1652)12°",,,Amsterdam,"Burgh, Pieter la",,,1652,Dutch,https://www.ustc.ac.uk/editions/1803892,,,,,,,,,,,Suggested by Cornelis,,https://www.google.be/books/edition/Sesthien_boecken/b4IPAAAAQAAJ?hl=it&gbpv=0,,,,
127,,,Chaldean Oracles,...more than two,,,"Clericus, J.",,,,,,,,,,Opera philosophica,,,,Nordhausen,J. H. Grossius,,,1726,Latin/Greek,,,,,,,,,,,,Dannenfeldt 1960b (161),,https://www.google.be/books/edition/Joannis_Clerici_Opera_philosophica/M2-eLhniyEUC?hl=it&gbpv=0,,,,
128,,,Chaldean Oracles,,,,"Mattaire, M.",,,,,,,,,,"Miscellanea Graecorum aliquot scriptorium carmina, cum versione latina et notis",,,,London,William Bowyer,,,1722,Latin/Greek,,,,,,,,,,,,Dannenfeldt 1960b (162),,https://www.google.be/books/edition/Miscellanea_Graecorum_aliquot_Scriptorum/V4NfAAAAcAAJ?hl=it&gbpv=0,,,,
126,,,Chaldean Oracles,...more than two,,,"Clericus, J.",,,,,,,,,,Opera philosophica,,,,Amsterdam,R. and G. Westenios,,,1722,Latin/Greek,,,,,,,,,,,,Dannenfeldt 1960b (161),,https://www.google.be/books/edition/Joannis_Clerici_Opera_philosophica_in_qu/yjRYVXQLNRUC?hl=it&gbpv=0,,,,
125,,,Chaldean Oracles,...more than two,,,"Stanley, Thomas",,,,,,,,,,Historia philosophiae,,,,Leipzig ,"Fritsch, Thomas",,,1711,Latin/Greek,,,,,,,,,,,,Dannenfeldt 1960b (161),,https://www.google.be/books/edition/Historia_philosophiae_vitas_opiniones_re/RpB31tbAifoC?hl=it&gbpv=0,,,,
123,,,Chaldean Oracles,...more than two,,,"Clericus, J.",,,,,,,,,,Opera philosophica,,,,Amsterdam,J. L. De Lorne,,,1704,Latin/Greek,,,,,,,,,,,,Dannenfeldt 1960b (161),,https://archive.org/details/joannisclericio02clergoog/mode/2up,,,,
122,,,Chaldean Oracles,...more than two,,,"Stanley, Thomas",,,,,,,,,,The history of philosophy,,,,London,W. Battersby,,,1701,Latin/Greek/English,,,,,,,,,,,,Dannenfeldt 1960b (161),,https://archive.org/details/b30450494/page/674/mode/2up,,,,
121,,,Chaldean Oracles,,,,"Lambecius, Petrus",,,,,,,,,,Prodromus historiae literariae,,,,Leipzig and Frankfurt,C. Liebezeit,,,1710,Latin,,,,,,,,,,,,Dannenfeldt 1960b (159),,https://www.google.be/books/edition/Prodromus_historiae_literariae_et_tabula/4beLaUuTqg4C?hl=it&gbpv=0,,,,
124,,,Chaldean Oracles,...more than two,,,"Clericus, J.",,,,,,,,,,Opera philosophica,,,,Amsterdam,J. L. De Lorne,,,1710,Latin/Greek,,,,,,,,,,,,Dannenfeldt 1960b (161),,https://www.google.be/books/edition/Joannis_Clerici_Opera_Philosophica/f5JXAAAAcAAJ?hl=it&gbpv=1&dq=Joannis+Clerici+Opera+philosophica&printsec=frontcover,,,,
115,,,Hermetic Corpus,,,,,,,,,,,,,,Translation of the Pymander,,,,Venezia,Petrus Lichtenstein,Johann Amman,,After 1500?,Latin,,,,,,,,,,,,Dannenfeldt 1960a (139),,"Listed by Dannenfeldt, not on the USTC, and tricky to track down. Will try again at a later time. ",,,,
114,,,Hermetic Corpus,,,,,,,,,,,,,,Translation of the Pymander,,,,Venezia,,,,1483,Latin,,,,,,,,,,,,"Dannenfeldt 1960a (139). According to M. Campanelli (note 8, p. LXVII), likely a ghost edition",,Likely non-existent. ,,,,
113,,Jeffrey Wolf,Sibylline Oracles,,contained within other work (ancient wisdom),,,,,,,,,,,,"Monumenta S. Patrum Orthodoxographa: Hoc Est, Theologiae Sacrosanctae ac syncerioris fidei Doctores, Numero Circiter LXXXV, Ecclesiae columina luminaque clarissima, Authores partim Graeci, partim Latini …",Basileae : Henricpetri,,"[46] Bl., 2064 S",Basel,"Grynaeus, Johann Jakob",,,1569,"Latin, Ancient Greek",,,,,,,,,,,,Added by Jeff,,https://www.google.be/books/edition/MONVMENTA_S_PATRVM_ORTHODOXOGRAPHA_HOC_E/5tNhAAAAcAAJ?hl=it&gbpv=0,https://mdz-nbn-resolving.de/details:bsb11298327,,,
112,,Jeffrey Wolf,Sibylline Oracles,,contained within other work (ancient wisdom),,,,,,,,"Herold, Johannes",,,,"Orthodoxographa theologiae sacrosanctae ac syncerioris fidei doctores numero LXXVI, ecclesiae columina luminaque clarissima: authores partim Graeci, partim Latini, ob vetustatem & eruditionem venerandi, quorum quidam nulli hactenus visi: verbis breves ... ut vere possint appellari Theologica Bibliotheca ...",Basileai: Petri,2°,"[20] Bl., 1522 S., [1] Bl.",Basel,"Herold, Johannes",,,1555,"Latin, Ancient Greek",,,,,,,VD16 H 2550,https://gateway-bayern.de/VD16+H+2550,,,,Added by Jeff,,https://opendata2.uni-halle.de/handle/1516514412012/3285,https://mdz-nbn-resolving.de/details:bsb11204256,,,
111,,Jeffrey Wolf,Sibylline Oracles,,edition (ancient wisdom),,,,,,,,"Birck, Sixt, 1501-1554",,,,Sibylliakōn chrēsmōn logoi oktō : Adiecta quoquae sunt lactantii excerpta de his testimonia = Sibyllinorum oraculorum libri octo,Basileae,,,Basel,,,,[1545],Greek,,,,,,,VD16 S 6277,https://gateway-bayern.de/VD16+S+6277,,,,This has a Latin introduction but the base text - the Oracles themselves - are printed in Greek.,,"https://www.digitale-sammlungen.de/en/view/bsb00023852?page=,1","https://www.digitale-sammlungen.de/en/view/bsb00023852?page=,1",1.0,checked,
110,,,Sibylline Oracles,,,,,,,,,,"Birck, Sixt","Châteillon, Sébastien",,,"Sibylliakōn Chrēsmōn Logoi Oktō : Addita Sebastiani Castalionis interpretatione Latina, quae Graeco eregionè respondeat. Cum Annotationib. Xysti Betuleij in Graeca Sibyllina oracula, et Sebastiani Castalionis in translationem suam ... = Sibyllinorum Oraculorum Libri VIII.",Basileae : Oporinus,8°,"333, [1] S., [1] Bl.",Basel,Oporinus,,,[1555],Ancient Greek; Latin,,,,,,,VD16 S 6279,https://gateway-bayern.de/VD16+S+6279,,,,Added by Jeff,,https://www.google.be/books/edition/Sibylliak%C5%8Dn_chr%C4%93sm%C5%8Dn_logoi_okt%C5%8D/bnXi_EcCP20C?hl=it&gbpv=0,https://mdz-nbn-resolving.de/details:bsb00015267,,,
109,693901.0,,Sibylline Oracles,,,39.0,,,,,,,,,,,"Bucolica ecloga 4 sibyllina oracula de Graeco in Latinum conversa, et in eadem annotationes. Sebastiano castalione interprete.","Basel, [ex officina Johann Oporinus, 1546]",8°,pp. [24] 135,Basel,"Oporinus, Johann",,,1546,Latin,https://www.ustc.ac.uk/editions/693901,,,,,,,,,,,"This is presumably the Latin translation of the 1545 Greek edition, and hence can serve as the copy-text for later Latin editions.
",,https://www.google.de/books/edition/Sibyllina_oracula_de_graeco_in_latinum_c/xFtYAAAAcAAJ?hl=en&gbpv=0,"https://www.digitale-sammlungen.de/en/view/bsb10993747?page=,1",,checked,1.0
105,139721.0,,Sibylline Oracles,,,1.0,Sibyllina oracula,,,,,,,,,,Sibyllas chresmoi,"Paris, apud veuve Guillaume Morel, 1566",4°,pp. 67 [1],Paris,"Morel, Guillaume (widow of)",,,1566,Latin,https://www.ustc.ac.uk/editions/139721,,,,,,,,,,,,,No link provided by the USTC and I wasn't able to find it anywhere else. ,,,,
103,3073167.0,,Hermetic Corpus,,,12.0,,,,,,,,,,,"Hermes Mercurius Trismegistus, his Divine pymander, in seventeen books. Together with his second book, called Asclepius; containing fifteen chapters, with a commentary. Translated formerly out of the Arabick into Greek, and thence into Latine, and Dutch, and now out of the original into English; by that learned divine Dr. Everard.","London, printed by John Streater, for Thomas Brewster, 1657",12°,pp. [14] 246 [4] 127 [3],London,"Streater, John","Brewster, Thomas",,1657,English,https://www.ustc.ac.uk/editions/3073167,,,,,,,,,,,,,https://www.google.be/books/edition/Hermes_Mercurius_Trismegistus_His_Divine/3-YPAq1Gt2oC?hl=it&gbpv=0 (VOLUME 1); https://www.google.be/books/edition/Hermes_Mercurius_Trismegistus_His_Divine/cWacSrGmx4cC?hl=it&gbpv=0 (VOLUME 2),,,,
102,1029511.0,,Hermetic Corpus,,,6.0,"Trismegistus, Hermes",,,,,,,,,,Sesthien boecken,"Amsterdam, Nicolaes van Ravesteyn, for Ysbrant Ryvertsz, 1643",4°,,Amsterdam,"Ryvertsz, Ysbrant","Ravesteyn, Nicolaes van",,1643,Dutch,https://www.ustc.ac.uk/editions/1029511,,,,,,,,,,,Suggested by Cornelis,,https://www.google.be/books/edition/Sesthien_boecken_van_den_voor_treffelijc/obNmAAAAcAAJ?hl=it&gbpv=0,,,,
101,450652.0,,Orphic Hymns,,,15.0,"Estienne, Henri",,,,,,,,,"Cop, Guillaume","<Poiêsis philosophos>. Poesis philosophica, vel saltem, Reliquiæ poesis philosophicæ.","[Genève], Henri II Estienne, 1573",,,Genève,"Estienne, Henri",,,1573,Latin/Greek,https://www.ustc.ac.uk/editions/450652,,,,,,,,,,,"Hankins, Palmer 2008 (69)",,https://www.e-rara.ch/gep_g/doi/10.3931/e-rara-6276,,,,
100,5955.0,,Hermetic Corpus,,,67.0,Hermes Trismegistus,,,,,,,,,"Candale, François de Foix de",Le pimandre,"Bordeaux, Simon Millanges, 1579",2°,pp. [26] 741 [=745] [37],Bordeaux,"Millanges, Simon",,,1579,French,https://www.ustc.ac.uk/editions/5955,,,,,,,,,,,Dannenfeldt 1960a (141),,https://gallica.bnf.fr/ark:/12148/bpt6k110569f.r=.langEN,,,,
99,1560784.0,,Chaldean Oracles,,,,"Clerici, Joan",,,,,,,,,,Opera philosophica,"Amsterdam, 1700",8°,,Amsterdam,s.n. ,,,1700,Latin,https://www.ustc.ac.uk/editions/1560784,,,,,,,,,,,Dannenfeldt 1960b (161),,https://www.google.be/books/edition/Joannis_Clerici_Opera_philosophica_Pneum/glc-AAAAYAAJ?hl=it&gbpv=0,,,,
98,1560597.0,,Chaldean Oracles,,,,"Clerici, Joan",,,,,,,,,,Opera philosophica,"Amsterdam, 1698",8°,,Amsterdam,s.n. ,,,1698,Latin,https://www.ustc.ac.uk/editions/1560597,,,,,,,,,,,Dannenfeldt 1960b (161),,https://www.google.be/books/edition/Opera_philosophica_in_quatur_volumia_dig/MgRiAAAAcAAJ?hl=it&gbpv=0,,,,
97,1824373.0,,Chaldean Oracles,,,7.0,"Stanley, Thomas",,,,,,,,,,Historia philosophiæ orientalis,"Amstelodami, apud vid. Swart, 1690",8°,,Amsterdam,"Swart, Steven (widow of)",,,1690,Latin,https://www.ustc.ac.uk/editions/1824373,,,,,,,,,,,Dannenfeldt 1960b (161),,https://www.google.be/books/edition/Historia_philosophiae_orientalis/Li4QGYk2BN8C?hl=it&gbpv=1&dq=Historia+philosophiae+orientalis&printsec=frontcover,,,,
95,3114392.0,,Chaldean Oracles,,,63.0,"Stanley, Thomas",,,,,,,,,,"The history of philosophy: containing the lives, opinions, actions and discourses of the philosophers of every sect. Illustrated with the effigies of divers of them. By Thomas Stanley, Esq;","London, printed for Thomas Bassett, 1687",2°,"pp. [26] 228, 351-445, 452-587 [1] 737-960 [16] 1029-1091 [1]",London,"Bassett, Thomas",,,1687,Latin,https://www.ustc.ac.uk/editions/3114392,,,,,,,,,,,Dannenfeldt 1960b (161),,https://archive.org/details/bim_early-english-books-1641-1700_the-history-of-philosoph_stanley-thomas_1687/mode/2up,,,,
107,2549636.0,,Sibylline Oracles,,,9.0,,,,,,,,,,,"Sibyllina Oracula: De Graeco In Latinum Conversa, Et In Eadem Annotationes, Sebastiano Castalione interprete","Helmestadi, [Müller], 1673",4°,pp. [8] 104 [44],Helmstedt,"Müller, Henning (the Younger)",,,1673,Latin,https://www.ustc.ac.uk/editions/2549636,,,,,,,,,,,,,http://diglib.hab.de/drucke/252-1-quod/start.htm,"https://www.digitale-sammlungen.de/en/view/bsb10220659?page=,1",,,
94,2613552.0,,Chaldean Oracles,,,4.0,,,,,,,,,,,"Trinum Magicum Sive Secretorum Magicorum Opus: Continens I. De Magia Naturali, Artificiosa & Superstitiosa Diquisitiones Axiomaticas. II. Theatrum Naturae praeter Curam Magneticam, & veterum Sophorum Sigilla & Imagines Magicas III. Oracula Zoroastris, & Mysteria Mysticae Philosphiae, Haebraeorum, Chaldaeorum, Aegyptiorum","Francofurti, Seylerus, 1673",12°,pp. [24] 498,Frankfurt am Main,"Seyler, Jakob Gottfried",,,1673,Latin,https://www.ustc.ac.uk/editions/2613552,,,,,,,,,,,Dannenfeldt 1960b (161),,"https://www.google.be/books/edition/Trinum_magicum/RTurpRCxTLQC?hl=it&gbpv=1&dq=Trinum+Magicum,+Sive+Secretorum+Magicorum+Opus&printsec=frontcover",,,,
93,2587027.0,,Chaldean Oracles,,,1.0,,,,,,,,,,,"Trinum Magicum, Sive Secretorum Magicorum Opus: Continens I. De Magia Naturali, Artificiosa & Superstitiosa Diquisitiones Axiomaticas. II. Theatrum Naturae praeter Curam Magneticam, & veterum Sophorum Sigilla & Imagines Magicas III. Oracula Zoroastris, & Mysteria Mysticae Philosophiae, Hebraeorum, Chaldaeorum, Aegyptiorum, Persarum, Orphicorum, & Pythagoricorum","Francofurti, Gerlach, Beckenstein, 1663",12°,pp. [22] 498 (= 500),Frankfurt am Main,"Gerlach, Christian","Beckenstein, Simon",,1663,Latin,https://www.ustc.ac.uk/editions/2587027,,,,,,,,,,,Dannenfeldt 1960b (161),,https://www.google.be/books/edition/_/ajFmAAAAcAAJ?hl=it&sa=X&ved=2ahUKEwiP2_npqoyFAxVzcaQEHSn4DCIQre8FegQIDhAG,,,,
92,3081991.0,,Chaldean Oracles,,,24.0,"Stanley, Thomas",,,,,,,,,,The history of the Chaldaick philosophy by Thomas Stanley.,"London, printed for Thomas Dring, 1662",2°,pp. [6] 91 [1] 68 [36],London,"Dring, Thomas",,,1662,Latin,https://www.ustc.ac.uk/editions/3081991,,,,,,,,,,,Dannenfeldt 1960b (161),,https://www.google.be/books/edition/The_History_of_the_Chaldaick_Philosophy/5xNfYypG5fMC?hl=it&gbpv=1&dq=The+history+of+the+Chaldaick+philosophy&printsec=frontcover,,,,
91,2603605.0,,Chaldean Oracles,,,6.0,"Lambeck, Peter",,,,,,,,,,"Liber Primus Prodromi Historiae Literariae: Nec Non Libri Secundi Capita Quatuor Priora, cum Appendice, quae Sciagraphiam continet, sive primam delineationem praecipuarum Personarum ac Rerum, de quibus, volente Deo, reliquis triginta duobus eiusdem Libri Capitibus plenius & accuratius agetur","[Hamburg], Sumptibus Autoris, Hamburgi, Piperus, 1659",2°,pp. [16] 311 (= 314) [164],Hamburg,"Lambeck, Peter","Pfeiffer, Michael",,1659,Latin,https://www.ustc.ac.uk/editions/2603605,,,,,,,,,,,Dannenfeldt 1960b (161),,https://digitalisate.sub.uni-hamburg.de/recherche/detail?tx_dlf%5Bdouble%5D=1&tx_dlf%5Bid%5D=14443&tx_dlf%5Bpage%5D=1&tx_dlf_navigation%5Bcontroller%5D=Navigation&cHash=1dea52ca5c9d1fc185e91f5ca8afeec5,,,,
89,1028972.0,,Chaldean Oracles,,,14.0,"Heurnius, Otto ",,,,,,,,,,"Babylonica, Indica, Ægyptia, &c. philosophiæ primordia","Leiden, apud Joannes Maire, 1619",12°,pp. [24] 314 [14],Leiden,"Maire, Joannes",,,1619,Latin,https://www.ustc.ac.uk/editions/1028972,,,,,,,,,,,Dannenfeldt 1960b (164),,"https://www.google.be/books/edition/Babylonica_indica_Aegyptiae_philosphiae/AHkPAAAAQAAJ?hl=it&gbpv=1&dq=Babylonica,+Indica,+%C3%86gyptia&pg=PA1&printsec=frontcover",,,,
85,242783.0,,Hermetic Corpus,,,3.0,"Rosseli, Hannibal",,,,,,,,,,"Asclepivs Mercvrii Trismegisti. $n Lib. 6, $p de immortalitate Animæ, qui est primus Asclepij. / Cum Commento Fratris Hannibalis Rosseli...","Cracoviæ : In Officina Typographica Lazari, 1590.",2°,pp. [10] 485 [7],Kraków,"Januszowski, Jan",Drukarnia Łazarzowa,,1590,Latin,https://www.ustc.ac.uk/editions/242783,,,,,,,,,,,Dannenfeldt 1960a (148),,https://www.google.be/books/edition/Mercurii_Trismegisti_Pymander_cum_commen/2CkekC3ncgkC?hl=it&gbpv=0,,,,
81,835643.0,,Hermetic Corpus,,,46.0,Hermes Trismegistus,"Benci, Tommaso",,,,,,,,,Il Pimandro,"Firenze, [Lorenzo Torrentino], 1548",8°,pp. [24] 119 [17],Firenze,"Torrentino, Lorenzo",,,1548,Italian,https://www.ustc.ac.uk/editions/835643,,,,,,,,PUVE009670,http://id.sbn.it/bid/PUVE009670,,Added by Nicolò,,https://www.google.be/books/edition/Il_pimandro_di_Mercurio_Trimegisto/wuJQbRXcM7kC?hl=it&gbpv=0,,,,
79,152760.0,,...other,,,36.0,"Marsilio, Ficino",,,,,,,,,,Theologia Platonica de immortalitate animorum duo de viginti libris,"Paris, Jean Savetier apud Gilles Gourbin, 1559",8°,ff. [36] 347 [1],Paris ,"Savetier, Jean","Gourbin, Gilles",,1559,Latin,https://www.ustc.ac.uk/editions/152760,,,,,,,,,,,,,https://www.google.it/books/edition/Theologia_Platonica_de_immortalitate_ani/Ur-ElFDGd9kC?hl=it&gbpv=1&dq=Platonica+theologia+de+immortalitate+animorum&printsec=frontcover,,,,
78,829428.0,,...other,,,32.0,"Marsilio, Ficino",,,,,,,,,,"Platonica theologia de immortalitate animorum accurativs noviter impressa, & cum exemplaribus eiusdem authoris collata. Restitutis omnibus locis, que per incuriam ab iis, qui alias eam impressioni dedere, vel relicta vel errata fuerunt. Adiecto recens omnium, que notatu digna sunt, amplissimo indice alphabetico, & aliis multis ad decorem totius voluminis facientibus, ut studioso lectori interlegendum patebit","Venezia, in aedibus Francesco I Bindoni & Maffeo Pasini sumptibus ac impensis Giovanni Battista Pederzano, 1525",4°,ff. [22] 196,Venezia,"Pederzano, Giovanni Battista","Bindoni, Francesco (I)","Pasini,Maffeo",1525,Latin,https://www.ustc.ac.uk/editions/829428,,,,,,,,,,,,,No digital copy found.,,,,
77,994999.0,,...other,,,65.0,"Marsilio, Ficino",,,,,,,,,,Platonica theologia de immortalitate animorum,"Firenze, Antonio di Bartolommeo Miscomini, 7 November 1482",4°,,Firenze,"Bartolommeo Miscomini, Antonio di",,,1482,Latin,https://www.ustc.ac.uk/editions/994999,GW09881,https://www.gesamtkatalogderwiegendrucke.de/docs/GW09881.htm,if00157000,https://data.cerl.org/istc/if00157000,https://data.cerl.org/mei/_search?query=data.hostItemId:if00157000,,,,,,,,https://www.google.it/books/edition/Platonica_theologia_de_immortalitate_ani/8tLshbssSyEC?hl=it&gbpv=1&dq=Platonica+theologia+de+immortalitate+animorum&printsec=frontcover,,,,
75,138843.0,,...other,,,5.0,"Steuco, Agostino",,,,,,,,,,"Tomus tertius, in quo haec continentur, de perenni philosophia libri 10. De mundi exitio. De Eugubii, urbis suae nomine","Paris, apud Michel Sonnius, 1578",,\12] 296 \16] c,Paris ,"Sonnius, Michel",,,1578,Latin,https://www.ustc.ac.uk/editions/138843,,,,,,,,RMLE014720,http://id.sbn.it/bid/RMLE014720,,,,https://www.google.it/books/edition/Augustini_Steuchi_Eugubini_Opera_quae_ex/C4USGF4Myv8C?hl=it&gbpv=0,,,,
74,171473.0,,...other,,,21.0,"Steuco, Agostino",,,,,,,,,,"De perenni philosophia, libri decem. De mundi exitio. De Eugubii, urbis suae nomine, tractantus. Cum indice rerum et verborum locupletissimo","Paris, apud Michel Sonnius, 1578",2°,ff. [12] 251 [18],Paris ,"Sonnius, Michel",,,1578,Latin,https://www.ustc.ac.uk/editions/171473,,,,,,,,NAPE024405,http://id.sbn.it/bid/NAPE024405,,,,https://www.google.it/books/edition/Augustini_Steuchi_de_Perenni_philosophia/pI4DmdSdNNAC?hl=it&gbpv=1&dq=STEUCO+de+perenni&printsec=frontcover,,,,
72,662832.0,,...other,,,53.0,"Maggi, Girolamo","Steuco, Agostino",,,,,"Camozzi, Giambattista","Estienne, Henri","Petri,Heinrich",,"De mundi exitio de perenni philosophia Hieronymi magii anglarensis de mundi exustione, & die judicii, libri quinque: his adiecta sunt, quae de mundi exitio, apud Augustinum steuchum lib.x. De perenni philosophia leguntur. Acceßit rerum et verborum index.","Basel, per Heinrich aus Basel Petri, 1562",2°,pp. [12] 230 [10],Basel,"Petri, Heinrich aus Basel",,,1562,Latin,https://www.ustc.ac.uk/editions/662832,,,,,,M 177,https://gateway-bayern.de/VD16+M+177,4RMLE000986,http://id.sbn.it/bid/RMLE000986,,,,https://www.google.it/books/edition/De_mundi_exustione_et_die_iudicii_Libri/3rdTAAAAcAAJ?hl=it&gbpv=1&dq=De+mundi+exitio+de+perenni+philosophia&printsec=frontcover,,,,
71,614744.0,,...other,,,40.0,"Steuco, Agostino",,,,,,,,,,"De perenni philosophia libri X. Opus immensa non solum eruditione ac pietate refertum, sed omniu philosophorum quasi medullam complectens, hinc%´qm ut lectu dignissimum, iam denuò in lucem editum. Idem de eugubii, urbis suae, nomine. De eugubii , urbis suae, nomine","Basel, per Nikolaus Brylinger et Sebastian Franck, 1542",4°,pp. [24] 723 [2] [2],Basel,"Brylinger, Nikolaus","Franck, Sebastian",,1542,Latin,https://www.ustc.ac.uk/editions/614744,,,,,,S 8934,https://gateway-bayern.de/VD16+S+8934,BVEE007624,http://id.sbn.it/bid/BVEE007624,,,,https://www.google.it/books/edition/Augustini_Steuchi_De_perenni_philosophia/VBtlAAAAcAAJ?hl=it&gbpv=1&dq=De+perenni+philosophia+libri+X&printsec=frontcover,,,,
118,,,Chaldean Oracles,...more than two,,,,,,,,,,,,,"Reprint of 1593, Venice edition of Patrizi's Nova de Universis Philosophia",,,,London,Fabricius,,,1628,Latin/Greek,,,,,,,,,,,,Dannenfeldt 1960a (141),,No digital copy. ,,,,
69,1013186.0,,Hermetic Corpus,,,15.0,"Apuleius, Lucius",,,,,,,,,,Opera],"Amsterdam, apud Johannes Janssonius, 1628,",24°,pp. 382,Amsterdam,"Janssonius, Johannes",,,1628,Latin,https://www.ustc.ac.uk/editions/1013186,,,,,,,,,,,Dannenfeldt 1960a (147),,No link provided by the USTC and I wasn't able to find it on Google Books.,,,,
68,1011613.0,,Hermetic Corpus,,,29.0,"Apuleius, Lucius",,,,,,,,,,Opera omnia quæ exstant,"Leiden, apud Joannes Maire, 1623",12°,,Leiden,,"Maire, Joannes",,1623,Latin,https://www.ustc.ac.uk/editions/1011613,,,,,,,,,,,Dannenfeldt 1960a (147),,"Many links on GoogleBooks, but as far as I could see none to Volume II (which schould contain Asclepius)",,,,
67,2134921.0,,Hermetic Corpus,,,16.0,Apuleius (Madaurensis),,,,,,,,,,"Opera Omnia Quae Exstant , Geverhartus Elmenhorstius ex Mstis [et] vett. Codd. Recensuit, Librumque Emendationum [et] Indices absolutißimos adiecit","Frankfurt am Main, Daniel Aubry [et] David Aubry [et] Clemens Schleich, 1621",8°,,Frankfurt am Main,"Aubry, David","Aubry, Daniel","Schleich,Clemens",1621,Latin,https://www.ustc.ac.uk/editions/2134921,,,,,,,,,,,Dannenfeldt 1960a (147),,https://www.google.be/books/edition/Opera_omnia_quae_exstant_Geverhartus_Elm/zGpWAAAAcAAJ?hl=it&gbpv=0,,,,
66,2096849.0,,Hermetic Corpus,,,5.0,Apuleius (Madaurensis),,,,,,,,,,"philosophi Platonici Opera, Quae quidem extant, omnia , In Primis Vero De Asino Aureo Libri XI. cum eruditissimis Philippi Beroaldi Commentariis. Et Godescalci Stewechii Heusdani ... Coniecturis: Nec Non Aliorum ... virorum in eiund","Basel, Sebastian Henricpetri, 1620",8°,"pp. [32], 776, 872, 496, [144]",Basel,"Henricpetri, Sebastian",,,1620,Latin,https://www.ustc.ac.uk/editions/2096849,,,,,,,,,,,Dannenfeldt 1960a (147),,https://www.google.be/books/edition/L_Apuleii_Madaurensis_philosophi_Platoni/wCpAAAAAcAAJ?hl=it&gbpv=0,,,,
63,1016131.0,,Hermetic Corpus,,,10.0,"Apuleius, Lucius",,,,,,,,,,Opera omnia quæ exstant,"[Leiden], ex officina Plantiniana, Franciscus II Raphelengius, 1610",12°,,Leiden,Plantiniana,"Raphelengius, Franciscus (II)",,1610,Latin,https://www.ustc.ac.uk/editions/1016131,,,,,,,,,,,Dannenfeldt 1960a (146),,https://www.google.be/books/edition/_/BZf6NmkTSMcC?hl=it&gl=be&sa=X&ved=2ahUKEwjK9qHI5qCEAxVpVKQEHRpuCrYQre8FegQIAxBO,,,,
62,6900496.0,,Hermetic Corpus,,,4.0,"Apuleius, Lucius",,,,,,,,,,Opera quae extant omnia cum Philippi Beroaldi in Asinum aureum,"Lyon, in officina Hugues de La Porte sumbtibus Jean de Gabiano et Samuel Girard, 1604", ,pp. [16] 1104 [=1006] [13]; 442 [116],Lyon,"La Porte, Hugues de","Gabiano, Jean de","Girard,Samuel",1604,Latin,https://www.ustc.ac.uk/editions/6900496,,,,,,,,,,,Dannenfeldt 1960a (146),,https://www.google.be/books/edition/L_Apulei_Opera_quae_extant_omnia_Cum_Phi/_TcoLc89smEC?hl=it&gbpv=0,,,,
87,6025684.0,,Hermetic Corpus,,,2.0,"Apuleius, Lucius",,,,,,,,,,"Opera omnia quae extant. E quibus, post ultimam P. Colvii editionem, philosophici libri innumeris mendis expurgati, quamplurimis locis aucti","Paris, Jean Febvrier, 1601",12°,pp. [16] 623 [1],Paris ,"Febvrier, Jean",,,1601,Latin,https://www.ustc.ac.uk/editions/6025684,,,,,,,,,,,Dannenfeldt 1960a (146),,https://www.google.be/books/edition/L_Apuleii_Madavrensis_Opera_omnia_quae_e/e_tS5w8yMrQC?hl=it&gbpv=,,,,
61,6016662.0,,Hermetic Corpus,,,1.0,"Apuleius, Lucius",,,,,,,,,,"Opera omnia quae extant. E quibus, post ultimam editionem, philosophici libri ope vetustissimis codicibus innumeris mendis expurgati; quamplurimis locis aucti","Paris, apud Michel Sonnius, 1601",12°,pp. [16] 623 [1],Paris ,"Sonnius, Michel",,,1601,Latin,https://www.ustc.ac.uk/editions/6016662,,,,,,,,,,,Dannenfeldt 1960a (146); is this the same as USTC_ID 6000019?,,https://www.google.be/books/edition/L_Apuleii_Madavrensis_Opera_omnia_quae_e/e_tS5w8yMrQC?hl=it&gbpv=0,,,,
64,6000019.0,,Hermetic Corpus,,,3.0,"Apuleius, Lucius",,,,,,,,,,"Opera omnia quae exstant. E quibus, / post ultimam P. Colvii editionem, Philosophici libri Ope vetustiss. Cod. Ms. innumeris mendis expurgati; quamplurimis locis aucti, per Bon[aventuram] Vulcanium Brugensem","Paris, Étienne Vallet, 1601",,pp. [14] 623 [1],Paris ,"Vallet, Étienne",,,1601,Latin,https://www.ustc.ac.uk/editions/6000019,,,,,,,,,,,Dannenfeldt 1960a (146); is this the same as USTC_ID 6016662?,,https://www.google.be/books/edition/L_Apuleii_Madavrensis_Opera_omnia_quae_e/e_tS5w8yMrQC?hl=it&gbpv=0,,,,
86,441036.0,,Chaldean Oracles,,,11.0,"Heurnius, Otto ",,,,,,,,,,Barbaricae philosophiae antiquitatum libri duo I. Chaldaicus II. Indicus,"Leiden, Christophorus Raphelengius, 1600",12°,pp. [30] 314 [222],Leiden,"Raphelengius, Christophorus",,,1600,Latin,https://www.ustc.ac.uk/editions/441036,,,,,,,,,,,Dannenfeldt 1960b (164),,https://www.google.be/books/edition/Barbaricae_philosophiae_antiquitatum_lib/KWtWAAAAcAAJ?hl=it&gbpv=0,,,,
60,425214.0,,Hermetic Corpus,,,19.0,"Apuleius, Lucius",,,,,,,,,,"Opera omnia quae exstant. In quibus post omnes omnium aeditiones hoc praestitum est, ut auctor ipse auctus & restitutus prodeat","[Leiden], ex officina Plantiniana apud Christophorus Raphelengius, 1600",12°,pp. [VIII] 494 [=464],Leiden,Plantiniana,"Raphelengius, Christophorus",,1600,Latin,https://www.ustc.ac.uk/editions/425214,,,,,,,,,,,Dannenfeldt 1960a (146),,"https://www.digitale-sammlungen.de/en/view/bsb10171416?page=,1",,,,
116,,,Hermetic Corpus,,,,,,,,,,,,,,Translation of the Pymander,,,,Paris,Fabricius,,,1594,,,,,,,,,,,,,Dannenfeldt 1960a (139),,"Listed by Dannenfeldt, not on the USTC, and tricky to track down. Will try again at a later time. ",,,,
119,,,Hermetic Corpus,,,,,,,,,,,,,,Pimander et Asclepius,,,,Paris,Fabricius,,,1594,Latin,,,,,,,,,,,,Dannenfeldt 1960a (146),,"Listed by Dannenfeldt, not on the USTC, and tricky to track down. Will try again at a later time. ",,,,
58,423324.0,,Hermetic Corpus,,,39.0,"Apuleius, Lucius",,,,,,,,,,"Opera omnia quae extant, e quibus, post ultimam P. Colvii editionem, philosophici libri mendis expurgati","Leiden, ex officina Plantiniana apud Franciscus I Raphelengius, 1594",16°,pp. [16] 80 383 [1],Leiden,Plantiniana,"Raphelengius, Franciscus (I)",,1594,Latin,https://www.ustc.ac.uk/editions/423324,,,,,,,,,,,Dannenfeldt 1960a (146),,https://www.google.be/books/edition/Opera_omnia_quae_exstant_e_quibus_post_u/NmtWAAAAcAAJ?hl=it&gbpv=0,,,,
57,142476.0,,Hermetic Corpus,,,39.0,"Apuleius, Lucius",,,,,,,,,,"Opera, Quae extant, omnia. Cum in asinum aureum eruditissimis commentaris, recensque, in opera omnia quaestionibus et conjecturis nec non aliorum doctorum virorum in eundem emendationibus adjectis","Lyon, sumptibus Sybile de La Porte, 1587",8°,pp. 20 1032 447 [101],Lyon,"La Porte, Sybile de",,,1587,Latin,https://www.ustc.ac.uk/editions/142476,,,,,,,,,,,Dannenfeldt 1960a (146),,https://www.google.be/books/edition/_/SpFWAAAAcAAJ?hl=it&sa=X&ved=2ahUKEwjvi--k4v-EAxXqUaQEHXHqDnkQre8FegQIIhAI,,,,
96,1820274.0,,Sibylline Oracles,Chaldean Oracles,,14.0,,,,,,,"Galle, S. (Editor)",,,,"Sibulliakoi chrêsmoi, hoc est Sibyllina oracula.","Amstelodami, apud H. and vid. T. Boom, 1689",4°,pp. [28] 791 [26] 127,Amsterdam,"Boom, Hendrick","Boom, Dirk (widow of)",,1689,Latin,https://www.ustc.ac.uk/editions/1820274,,,,,,,,,,,Dannenfeldt 1960b (163),,"https://www.google.be/books/edition/Sibulliakoi_chr%C4%93smoi_hoc_est_Sibyllina/i-0H25UtQBAC?hl=it&gbpv=1&dq=Sibulliakoi+chr%C3%AAsmoi,+hoc+est+Sibyllina+oracula&printsec=frontcover",,,,
56,1819801.0,,Orphic Hymns,,,16.0,Orpheus,,,,,,,,,,Argonautica Hymni et De lapidibus,"Trajecti ad Rhen., apud G. vande Water, 1689",12°,,Utrecht,"Water, Willem van de",,,1689,Greek/Latin,https://www.ustc.ac.uk/editions/1819801,,,,,,,,,,,,,https://www.google.be/books/edition/Orphei_Argonautica_hymni_et_de_lapidibus/HLtmAAAAcAAJ?hl=it&gbpv=1&dq=Orphei+Argonautica+hymni+et+de+lapidibus&printsec=frontcover,,,,
55,2140049.0,,Orphic Hymns,,,1.0,Orpheus,,,,,,,,,,"Orpheōs Humnoi. Orphei ... Hymni, Gr. excusi.","Köln, s.n., 1602",8°,,Köln,,,,1602,Greek,https://www.ustc.ac.uk/editions/2140049,,,,,,,,,,,,,No download link and no mention of this edition online: bibliographical ghost?,,,,
54,835700.0,,Orphic Hymns,,,65.0,Hesiodus,Musaeus Grammaticus,Phocylides,Theognis,,,,,,,"Opera et dies, et Theogonia, et Clypeus. Theognidis sententiae. Sybillae Carmina de Christo quorum mentionem facit Eusebius & Augustinus. Musaei opusculum de Herone & Leandro. Orphei Argonautica, Hymni, & de Lapidibus. Phocylidis Paraenesis","Venezia, ex officina Giovanni Farri & fratres, 1543",8°,ff. [144],Venezia,"Farri, Giovanni et fratelli",,,1543,Greek,https://www.ustc.ac.uk/editions/835700,,,,,,,,,,,,,https://www.google.be/books/edition/Hesiodi_Opera_et_dies_et_Theogonia_et_Cl/Co6NUqs158YC?hl=it&gbpv=1&dq=Opera+%26+dies+%26+Theogonia+%26+Clypeus&printsec=frontcover,,,,
70,157320.0,,...other,,,28.0,"Steuco, Agostino",,,,,,,,,,"De perenni philosophia libri X. De Eugubii, urbis suae, nomine","Lyon, excudebat Sébastien Gryphe, 1540",2°,pp. [20] 625 (=605) [3],Lyon,"Gryphe, Sébastien",,,1540,Latin,https://www.ustc.ac.uk/editions/157320,,,,,,,,BVEE007618,http://id.sbn.it/bid/BVEE007618,,,,https://www.google.it/books/edition/Augustini_Steuchi_Eugubini_De_perenni_ph/LYyfsDlH2tcC?hl=it&gbpv=1&dq=De+perenni+philosophia+libri+X&printsec=frontcover,,,,
53,835699.0,,Orphic Hymns,,,53.0,Hesiodus,Musaeus Grammaticus,Phocylides,Theognis,,,,,,,"Opera & dies & Theogonia & Clypeus. Theognidis sententiae. Sybillae Carmina de Christo quorum mentionem facit Eusebius & Augustinus. Musaei opusculum de Herone & Leandro. Orphei Argonautica, Hymni, & De lapidibus. Phocilidis Paraenesis","Firenze, Benedetto Giunta, 1540",8°,ff. [148],Firenze,"Giunta, Benedetto",,,1540,Greek,https://www.ustc.ac.uk/editions/835699,,,,,,,,RMLE005685,http://id.sbn.it/bid/RMLE005685,,,,https://www.google.be/books/edition/Opera_et_Dies_et_Theogonia_et_Clypeus_Th/F386AAAAcAAJ?hl=it&gbpv=0,,,,
51,761484.0,,Orphic Hymns,,,46.0,Orpheus,,,,,,,,,"Barbaro, Ermolao",Argonautica; Hymni [Greek],"Firenze, [Bartolommeo di Libri], for Philippus Giunta, 19 September 1500",4°,ff. [52],Firenze,"Libri, Bartolommeo di","Giunta, Philippus",,1500,Latin,https://www.ustc.ac.uk/editions/761484,M28424,https://www.gesamtkatalogderwiegendrucke.de/docs/M28424.htm,io00103000,https://data.cerl.org/istc/io00103000,https://data.cerl.org/mei/_search?query=data.hostItemId:io00103000,,,,,,"Hankins, Palmer 2008 (69); note that the digital copy is actually in Greek. ",,https://daten.digitale-sammlungen.de/0006/bsb00067888/images/,,,,
52,843821.0,,Orphic Hymns,,,14.0,Musaeus Grammaticus ,Homerus,,,,,,,,,Poiemation ta kath'Hero kai Leandron. Orpheos argonautika. Tou autou hymnoi. Orpheus peri lithon. Gnomai ek diaphoron poieton. Homerou Batrachomyomachia. Musaei opusculum de Herone & Leandro. Orphei Argonautica. Eiusdem hymni,"Firenze, per haer. Filippo I Giunta, 1519",8°,ff. 104,Firenze,"Giunta, Filippo (I) (heirs of)",,,1519,Latin,https://www.ustc.ac.uk/editions/843821,,,,,,,,,,,Added by Nicolò,,No download link on the USTC; not even listed on Google Books or anywhere else. ,,,,
50,145128.0,,Hermetic Corpus,,,5.0,"Champier, Symphorien","Hieronymus, St","Palladio, Hyacinthe-Basilides","Rustico, Pietro Antonio",,,,,,,Duellum epistolare Gallie et Italiae antiquitates summatim complectens Tropheum Galliarum regis Francisci huius nominis primi item complures illustrium virorum epistolae ad Symphorianum Camperium,"Lyon, Jean Froben [et] Jean Divineur [et] Jacques Jacques [et] François Giunta, 1519",,ff. [96],Lyon,"Jacques, Jacques","Divineur, Jean","Froben,Jean",1519,Latin,https://www.ustc.ac.uk/editions/145128,,,,,,,,,,,Dannenfeldt 1960a (149),,https://www.google.be/books/edition/Duellum_epistolare_Galliae_et_Italiae_an/Afk7AAAAcAAJ?hl=it&gbpv=0,,,,
49,243451.0,,Hermetic Corpus,,,,"Rosselli, Annibale",,,,,,,,,,"Pymander Mercurii Trismegisti Cum Commento Fratris Hannibalis Rosseli Calabri, Ordinis Minorum Regularis observantiae. Liber V. de Elementis, et descriptione totius orbis","Kraków, Jan Januszowski, Drukarnia Łazarzowa, 1586",2°,pp. [12] 645 [25],Kraków,Drukarnia Łazarzowa,"Januszowski, Jan",,1586,Latin,https://www.ustc.ac.uk/editions/243451,,,,,,,,,,,Dannenfeldt 1960 a (144),,No download link provided or found anywhere else.,,,,
47,243450.0,,Hermetic Corpus,,,,"Rosselli, Annibale",,,,,,,,,,"Pymander Mercurii Trismegisti Cum Commento Fratris Hannibalis Rosseli Calabri, Ordinis Minorum Regularis observantiae. Liber III. de ente, materia, forma et rebus metaphysicis","Kraków, Jan Januszowski, Drukarnia Łazarzowa, 1586",2°,pp. [8] 444 [14],Kraków,Drukarnia Łazarzowa,"Januszowski, Jan",,1586,Latin,https://www.ustc.ac.uk/editions/243450,,,,,,,,,,,Dannenfeldt 1960a (144),,https://www.google.be/books/edition/Pymander_Mercurii_Trismegisti_cum_Commen/0XFshZOnhRMC?hl=it&gbpv=0,,,,
48,243452.0,,Hermetic Corpus,,,,"Rosselli, Annibale",,,,,,,,,,Pymander Mercurii Trismegisti Cum Commento Liber quartus de Coelo,"Kraków, Jan Januszowski, Drukarnia Łazarzowa, 1586",2°,pp. [12] 645 [1] [26],Kraków,Drukarnia Łazarzowa,"Januszowski, Jan",,1586,Latin,https://www.ustc.ac.uk/editions/243452,,,,,,,,,,,Dannenfeldt 1960a (144),,https://www.google.be/books/edition/Pymander_Mercurii_Trismegisti_cum_Commen/QDyQUFpddoAC?hl=it&gbpv=0,,,,
84,203442.0,,Sibylline Oracles,Chaldean Oracles,,1.0,Sibyllina oracula,,,,,,,,,,"Sibyllina oracula ex veteribus codicibus aucta, renovata et notis illustrata cum interpretatione Latina et indice","Paris, Jacques du Puys, 1589",,,Paris ,"Du Puys, Jacques",,,1589,Latin,https://www.ustc.ac.uk/editions/203442,,,,,,,,,,,Dannenfeldt 1960b (159); see USTC_ID 137998.,,No link provided by the USTC and I wasn't able to find it anywhere else. ,,,,
45,137998.0,,Chaldean Oracles,,,4.0,,,,,,,,,,,"Oracula magica, cum scholiis Plethonis et Pselli nunc primum editi. Magica oracula, commentariis enarrata","Paris, apud Jacques du Puys, 1589",8°,In 8° 144 marque du libraire au titre,Paris ,"du Puys, Jacques",,,1589,Latin,https://www.ustc.ac.uk/editions/137998,,,,,,,,CFIE050739,http://id.sbn.it/bid/CFIE050739,,Dannenfeldt 1960b (159); this edition might be the same as USTC_ID 203442.,,"No download link on the USTC, nor on Google Books. ",,,,
65,6901855.0,,Hermetic Corpus,,,10.0,"Apuleius, Lucius",,,,,,,,,,Opera quae extant omnia cum Philippi Beroaldi,"Lyon, apud Antoine de Harsy, 1614",8°,pp. (16) 1103 (13) & 442 (10) 124 (110),Lyon,"Harsy, Antoine de (widow of)",,,1614,Latin,https://www.ustc.ac.uk/editions/6901855,,,,,,,,,,,Dannenfeldt 1960a (146),,https://www.google.be/books/edition/_/thU9AAAAcAAJ?hl=it&gbpv=0,,,,
43,2081796.0,,Chaldean Oracles,,,5.0,,,,,,,,,,,"Trinum Magicum, Sive Secretorum Magicorum Opus : Continens I. De Magia Naturali, Artificiosa [et] Superstitiosa Disquisitiones axiomaticas. II. Theatrum Naturae ... III. Oracula Zoroastris ... Accessere Nonnulla Secreta Secretorum [et] Mirabilia Mundi , E","Frankfurt am Main, Anton Humm [et] Wolfgang Richter, 1614",12°,"pp. [24], 635",Frankfurt am Main,"Humm, Anton","Richter, Wolfgang",,1614,Latin,https://www.ustc.ac.uk/editions/2081796,,,,,,,,,,,Dannenfeldt 1960b (161),,https://www.google.be/books/edition/Trinum_magicum_sive_secretorum_magicorum/xMY5AAAAcAAJ?hl=it&gbpv=0,,,,
120,,,Hermetic Corpus,,,,"Apuleius, Lucius",,,,,,,,,,Opera,,,,Basel,"Henricus, Petri",,,1614,Latin,,,,,,,,,,,,Dannenfeldt 1960a (147),,https://www.google.be/books/edition/_/thU9AAAAcAAJ?hl=it&gbpv=0 ,,,,
42,2041794.0,,Chaldean Oracles,,,8.0,,,,,,,,,,,"Trinum Magicum, Sive Secretorum Magicorum Opus : Continens 1. De Magia Naturali, Artificiosa [et] Superstitiosa Diquisitiones axiomaticas. 2. Theatrum Naturae, praeter Curam Magneticam, [et] veterum Sophorum Sigilla [et] Imagines Magicas, etiam Conclusion","Offenbach, cura Georg Beatus, Frankfurt am Main, impensis Anton Humm, 1611",12°,"pp. [24], 635",Frankfurt am Main,"Beatus, Georg","Humm, Anton",,1611,Latin,https://www.ustc.ac.uk/editions/2041794,,,,,,,,,,,Dannenfeldt 1960b (161),,"No download link on the USTC, nor on Google Books. ",,,,
117,,,Chaldean Oracles,...more than two,,,,,,,,,,,,,"Reprint of 1593, Venice edition of Patrizi's Nova de Universis Philosophia",,,,London,Fabricius,,,1611,Latin/Greek,,,,,,,,,,,,Dannenfeldt 1960a (141),,No digital copy. ,,,,
59,671339.0,,Hermetic Corpus,,,31.0,Apuleius (Madaurensis) ,,,,,,"Beroaldo, Filippo ","Hopper, Marcus","Stewechius,Godescalcus",,Opera quae quidem extant omnia. In primis vero de asino aureo libri XI. Cum eruditissimis commentariis: et in l. Apuleii opera omnia quaestionibus & conjecturis: nec non aliorum doctiss. Virorum in eundem emendationibus,"Basel, per Sebastian Henricpetri, [1597]",8°,pp. [32] 776 872 496 [144],Basel,"Henricpetri, Sebastian",,,1597,Latin,https://www.ustc.ac.uk/editions/671339,,,,,,A 3172,https://gateway-bayern.de/VD16+A+3172,,,,Dannenfeldt 1960 a (146),,"https://www.digitale-sammlungen.de/en/view/bsb10996408?page=,1",,,,
41,199179.0,,Chaldean Oracles,,,8.0,,,,,,,,,,"Morel, Fédéric",Zoroastris seu Magorum oracula,"Paris, s.n., 1597",4°,,Paris ,s.n. ,,,1597,Latin ,https://www.ustc.ac.uk/editions/199179,,,,,,,,,,,Dannenfeldt 1960b (162),,"https://www.digitale-sammlungen.de/en/view/bsb10150309?page=,1",,,,
40,157925.0,,Chaldean Oracles,,,7.0,Hesiodus,,,,,,,,,"Brixius, J. ",Opera et dies in Latinum conversus. Cui addita sunt quaedam sapientiae dogmatae Zoroastris logia ab eodem translata,"Lyon, apud Thibaud Payen, 1550",4°,pp. 53 [5],Lyon,"Payen, Thibaud",,,1550,Latin,https://www.ustc.ac.uk/editions/157925,,,,,,,,,,,Dannenfeldt 1960b (160),,https://www.google.be/books/edition/Utilis_Hesiodi_Ascr%C3%A6i_liber_Opera_et_Di/DuNiAAAAcAAJ?hl=it&gbpv=1&dq=Opera+et+dies+in+Latinum+conversus.+Cui+addita&printsec=frontcover,,,,
38,146728.0,,Sibylline Oracles,Chaldean Oracles,,92.0,"Opsopoeus, Johannes","Castellio, Sebastianus ",,,,,,,,,"Sibylliakoi chrēsmoi hoc est, Sibyllina oracula ex veteris codicibus aucta, renovata, et notis illustrata. Cum interpretatione Latina et indice","Paris, Abel L'Angelier [et] [Compagnie de la Grand-Navire], 1599",8°,pp. [16] 524 71 [=73 3],Paris ,"L'Angelier, Abel",Compagnie de la Grand-Navire,,1599,Greek,https://www.ustc.ac.uk/editions/146728,,,,,,,,MODE050182,http://id.sbn.it/bid/MODE050182,,Dannenfeldt 1960b (159),,https://babel.hathitrust.org/cgi/pt?id=ucm.5323830793&seq=9,"https://www.digitale-sammlungen.de/en/view/bsb10169455?page=,1",,,
37,997569.0,,Hermetic Corpus,,,20.0,"Apuleius, Lucius",,,,,,"Bussi, Giovanni Andrea (Editor)",,,,Opera,"Milano, Leonardus Pachel, 7 August 1497",2°,ff. [118],Milano,"Pachel, Leonardus",,,1497,Latin,https://www.ustc.ac.uk/editions/997569,GW02304,https://www.gesamtkatalogderwiegendrucke.de/docs/GW02304.htm,ia00937000,https://data.cerl.org/istc/ia00937000,https://data.cerl.org/mei/02003290,,,NAPE072678,http://id.sbn.it/bid/NAPE072678,,"Dannenfeldt 1960a (146); five MEI URLS listed, I've only added one. ",,No download link provided or found anywhere else; this edition may not include the Asclepius.,,,,
35,997571.0,,Hermetic Corpus,,,89.0,"Apuleius, Lucius",,,,,,"Bussi, Giovanni Andrea (Editor)",,,,Opera,"Vicenza, Henricus de Sancto Ursio Zenus, 9 August 1488",2°,ff. [178],Vicenza,"Zenus, Henricus de Sancto Ursio",,,1488,Latin,https://www.ustc.ac.uk/editions/997571,GW02302,https://www.gesamtkatalogderwiegendrucke.de/docs/GW02302.htm,ia00935000,https://data.cerl.org/istc/ia00935000,https://data.cerl.org/mei/02149223,,,VIAE042646,http://id.sbn.it/bid/VIAE042646,,"Dannenfeldt 1960a (146); ten different MEI URLS listed, I've only added one. ",,https://daten.digitale-sammlungen.de/~db/0005/bsb00050598/images/,,,,
34,997572.0,,Hermetic Corpus,,,50.0,"Apuleius, Lucius",,,,,,"Bussi, Giovanni Andrea (Editor)",,,,Opera,"Roma, In domo Petri de Maximis, [Konrad Sweynheym, and Arnoldus Pannartz], 28 February 1469",2°,ff. [178],Roma,"Sweynheym, Konrad","Pannartz, Arnoldus",,1469,Latin,https://www.ustc.ac.uk/editions/997572,GW02301,https://www.gesamtkatalogderwiegendrucke.de/docs/GW02301.htm,ia00934000,https://data.cerl.org/istc/ia00934000,https://data.cerl.org/mei/_search?query=data.hostItemId:ia00934000,,,VEAE126341,http://id.sbn.it/bid/VEAE126341,,Dannenfeldt 1960a (146),,https://daten.digitale-sammlungen.de/~db/0003/bsb00035643/images/index.html,,,,
33,2522145.0,,Hermetic Corpus,,,7.0,"Rosselli, Annibale",,,,,,,,,,"Divinus Pymander Hermetis Mercurii Trismegisti Cum Commentariis, R. P. F. Hannibalis Rosseli: Opus Vere Aureum Reconditaque Sapientia refertissimum, ac proinde cuiuis arcana Dei scire cupienti utilissimum","Coloniae Agrippinae, Cholinus, 1630",2°,pp. [4] 204,Köln,"Cholinus, Peter",,,1630,Latin,https://www.ustc.ac.uk/editions/2522145,,,,,,,,,,,Dannenfeldt 1960a (140),,"USTC title is vague and doesn't mention the exact volume number (I believe it's 6 volumes), so I can't add one here. ",,,,
130,2136995.0,,Hermetic Corpus,,,14.0,"Rosselli, Annibale",,,,,,,,,,"Divinus Pymander Hermetis Mercurii Trismegisti Cum Commentariis, R. P. F. Hannibalis Rosseli Calabri ... : Opus Vere Aureum Reconditaque Sapientia refertissimum, ac proinde cuiuis arcana Dei scire cupienti utilissimum Teil: 2: In quo agitur de Spiritu S.","Coloniae Agrippinae, Cholinus, 1630",2°,,Köln,"Cholinus, Peter",,,1630,Latin,https://www.ustc.ac.uk/editions/2136995,,,,,,,,,,,Dannenfeldt 1960a (144),,https://www.google.be/books/edition/Divinus_Pymander_Hermetis_Mercurii_Trism/k91CAAAAcAAJ?hl=it&gbpv=0,,,,
129,2136994.0,,Hermetic Corpus,,,5.0,"Rosselli, Annibale",,,,,,,,,,"Divinus Pymander Hermetis Mercurii Trismegisti, Cum Commentariis R. P. F. Hannibalis Rosseli ... : Opus Vere Aureum Reconditaque Sapientia refertissimum, ac proinde cuiuis arcana Dei scire cupienti utilissimum Teil: 1: In quo agitur de S. S. Trinitate Acc","Köln, Peter Cholinus, 1630",2°,,Köln,"Cholinus, Peter",,,1630,Latin,https://www.ustc.ac.uk/editions/2136994,,,,,,,,,,,Dannenfeldt 1960a (144),,https://www.google.be/books/edition/Divinus_Pymander_Hermetis_Mercurii_Trism/o_eDF8KMeT8C?hl=it&gbpv=0,,,,
90,2073428.0,,Chaldean Oracles,,,11.0,,,,,,,,,,,"Trinum Magicum, Sive Secretorum Magicorum Opus : Continens I. De Magia Naturali, Artificiosa [et] Superstitiosa Disquisitiones Axiomaticas. II. Theatrum Naturae praeter Curam Magneticam, [et] veterum Sophorum Sigilla [et] Imagines Magicas ... III. Oracula","Frankfurt am Main, Konrad Eifried, 1630",12°,"pp. [22], 498",Frankfurt am Main,"Eifried, Konrad",,,1630,Latin,https://www.ustc.ac.uk/editions/2073428,,,,,,,,,,,Dannenfeldt 1960b (161),,"https://www.google.be/books/edition/Trinum_magicum_sive_Secretorum_magicorum/18Y5AAAAcAAJ?hl=it&gbpv=1&dq=Trinum+Magicum,+Sive+Secretorum+Magicorum+Opus&printsec=frontcover",,,,
131,2021311.0,,Hermetic Corpus,,,9.0,"Rosselli, Annibale",,,,,,,,,,"Divinus Pymander Hermetis Mercurii Trismegisti Cum Commentariis, R. P. F. Hannibalis Rosseli Calabri ... : Opus Vere Aureum Reconditaque Sapientia refertissimum, ac proinde cuiuis arcana Dei scire cupienti utilissimum Teil: 3: In quo agitur de ente, mater","Köln, Peter Cholinus, 1630",2°,,Köln,"Cholinus, Peter",,,1630,Latin,https://www.ustc.ac.uk/editions/2021311,,,,,,,,,,,Dannenfeldt 1960a (144),,https://www.google.be/books/edition/Divinus_Pymander_Hermetis_Mercurii_Trism/o91CAAAAcAAJ?hl=it&gbpv=0,,,,
133,2008296.0,,Hermetic Corpus,,,13.0,"Rosselli, Annibale",,,,,,,,,,"Divinus Pymander Hermetis Mercurii Trismegisti Cum Commentariis, R. P. F. Hannibalis Rosseli Calabri ... : Opus Vere Aureum Reconditaque Sapientia refertissimum, ac proinde cuiuis arcana Dei scire cupienti utilissimum Teil: 5: In quo agitur de Elementis","Köln, Peter Cholinus, 1630",2°,,Köln,"Cholinus, Peter",,,1630,Latin,https://www.ustc.ac.uk/editions/2008296,,,,,,,,,,,Dannenfeldt 1960a (144),,https://www.google.be/books/edition/Divinus_Pymander_Hermetis_Mercurii_Trism/0N1CAAAAcAAJ?hl=it&gbpv=0,,,,
134,2112500.0,,Hermetic Corpus,,,5.0,"Rosselli, Annibale",,,,,,,,,,"Divinus Pymander Hermetis Mercurii Trismegisti Cum Commentariis, R. P. F. Hannibalis Rosseli ... : Opus Vere Aureum Reconditaque Sapientia refertissimum, ac proinde cuiuis arcana Dei scire cupienti utilissimum Teil: 6: In quo agitur de immortalitate Anima","Köln, Peter Cholinus, 1630",2°,,Köln,"Cholinus, Peter",,,1630,Latin,https://www.ustc.ac.uk/editions/2112500,,,,,,,,,,,Dannenfeldt 1960a (144),,https://www.google.be/books/edition/Divinus_Pymander_Hermetis_Mercurii_Trism/9N1CAAAAcAAJ?hl=it&gbpv=0,,,,
132,,,Hermetic Corpus,,,,"Rosselli, Annibale",,,,,,,,,,"Divinus Pymander part IV (no exact USTC entry/link, but digital copy available)",,,,,,,,1630,Latin,,,,,,,,,,,,Dannenfeldt 1960a (144),,https://www.google.be/books/edition/Divinus_Pymander_Hermetis_Mercurii_Trism/TNiydv-GglMC?hl=it&gbpv=0,,,,
32,6039081.0,,Hermetic Corpus,...other,,8.0,"Ficino, Marsilio",,,,,,,,,,Marsilii Ficini Opera et quae hactenus existere et quae in lucem nunc primum prodiere omnia... in duos tomos digesta... una cum Gnomologia hoc est sententiarum ex iisdem operibus collectarum farragine... [per Adamum Henricum Petri] adjecta,"Paris, apud Guillaume Pelé, 1641",2°,pp. [8] 1064; [4] 930 (=942) [30],Paris ,"Pelé, Guillaume",,,1641,Latin,https://www.ustc.ac.uk/editions/6039081,,,,,,,,,,,Dannenfeldt 1960a (139),,https://www.google.be/books/edition/Marsilii_Ficini_Opera_et_quae_hactenus_e/i1EtN4kqCnsC?hl=it&gbpv=0,,,,
31,607684.0,,Hermetic Corpus,...other,,74.0,"Ficino, Marsilio",Albinus (Platonicus),Athenagoras (Atheniensis),Dionysius (Areopagita),Hermes Trismegistus,Jamblichus Chalcidensis,,,,,Opera,"Basel, ex officina Heinrich aus Basel Petri, [1576]",2°,pp. [32] 1012 [8] 1013-1979 (=1991) [41],Basel,"Petri, Heinrich aus Basel",,,1576,Latin,https://www.ustc.ac.uk/editions/607684,,,,,,ZV 5830,https://gateway-bayern.de/VD16+ZV+5830,,,,Dannenfeldt 1960a (139),,https://www.e-rara.ch/bau_1/doi/10.3931/e-rara-3135,,,,
30,602586.0,,Hermetic Corpus,...other,,51.0,"Ficino, Marsilio",Albinus (Platonicus),Athenagoras (Atheniensis),Dionysius (Areopagita),Hermes Trismegistus,Jamblichus Chalcidensis,,,,,Opera,"Basel, [per Heinrich aus Basel Petri], 1561",2°,pp. [36] 1012 [8] 1013-1979 [41],Basel,"Petri, Heinrich aus Basel",,,1561,Latin,https://www.ustc.ac.uk/editions/602586,,,,,,F 926,https://gateway-bayern.de/VD16+F+926,,,,Dannenfeldt 1960a (139),,"https://www.digitale-sammlungen.de/en/view/bsb10148160?page=,1",,,,
29,143270.0,,Hermetic Corpus,,,35.0,"Champier, Symphorien",,,,,,,,,,"Liber de quadruplici vita. Theologia Asclepii, Hermetis Trismegisti discipuli, cum commentariis. Sixti, philosophi pythagorici, Enchiridion. Isocratis ad Demonicum oratio preceptiva","Lyon, industria Jannot Deschamps expensis Etienne Gueynard [et] Jacques Huguetan, 1507",4°,ff. [84] [54],Lyon,"Gueynard, Etienne","Huguetan, Jacques","Deschamps,Jannot",1507,Latin,https://www.ustc.ac.uk/editions/143270,,,,,,,,,,,Dannenfeldt 1960a (149),,https://babel.hathitrust.org/cgi/pt?id=uc1.31378008364765&seq=1,,,,
28,847056.0,,Chaldean Oracles,...more than two,,30.0,"Patrizi, Francesco",Hermes Trismegistus,Zoroaster,,,,,,,,"Nova de universis philosophia libris quinquaginta comprehensa. Quibus postremo sunt adiecta. Zoroastis oracula CCCXX ex Platonicis collecta. Hermetis Trismegisti libelli, & fragmenta, Asclepii discipuli tres libelli. Mystica Aegyptiorum, a Platone dictata, ab Aristotele excepta","Venezia, excudebat Robertus Meietti, 1593",2°,ff. [6] 23 [1] 11 (= 12) [152 (= 154] [2] 51 [1] 6 [6] 51 [11],Venezia,"Meietti, Roberto",,,1593,Latin,https://www.ustc.ac.uk/editions/847056,,,,,,,,BVEE016672,http://id.sbn.it/bid/BVEE016672,,Dannenfeldt 1960b (160),,https://www.google.be/books/edition/Nova_de_universis_Philosophia/pZxPAAAAcAAJ?hl=it&gbpv=0,,,,
44,673314.0,,Chaldean Oracles,Hermetic Corpus,,36.0,"Patrizi, Francesco",Hermes Trismegistus,,,,,Apuleius (Madaurensis),,,,Magia philosophica hoc est Francisci patricii summi philosophi zoroaster. et eius 320. Oracula chaldaica. Asclepii dialogus,"Hamburg, [Jakob Wolff (heirs of)], 1593",8°,ff. [1] 253[=255] [2],Hamburg,"Wolff, Jakob (heirs of)",,,1593,Latin,https://www.ustc.ac.uk/editions/673314,,,,,,P 917,https://gateway-bayern.de/VD16+P+917,,,,Dannenfeldt 1960b (161),,https://www.google.be/books/edition/Magia_philosophica_hoc_est_hoc_est_Franc/miwPAAAAQAAJ?hl=it&gbpv=0,,,,
27,182281.0,,Chaldean Oracles,,,3.0,"Gemiste, George","Neobar, Conrad","Sainte-Marthe, Jacques de",,,,,,,,Magica Zoroastri Oracula Plethonis commentariis enarrata,"Paris, apud Jean Loys, 1539",4°,ff. [8] 273 (= 255) [1],Paris ,"Loys, Jean",,,1539,Latin,https://www.ustc.ac.uk/editions/182281,,,,,,,,VIAE049051,http://id.sbn.it/bid/VIAE049051,,Dannenfeldt 1960b (159),,https://www.google.be/books/edition/Magica_oracula_Plethonis_commentariis_en/pG5WAAAAcAAJ?hl=it&gbpv=1&pg=PP23&printsec=frontcover,,,,
76,857547.0,,...other,,,36.0,"Steuco, Agostino","Morandi, Ambrogio",,,,,,,,,"Opera omnia, quae iam extabant. A reverendissimo p. Ambrosio Morando summo labore, ac studio restituta necnon aucta Vitae authoris Ac in tres tomos divisa. Cum indice rerum e materiarum locuplentissimo","Venezia, apud Domenico Nicolini da Sabbio, 1591",2°,3 v.,Venezia,"Nicolini da Sabbio, Domenico",,,1591,Greek ,https://www.ustc.ac.uk/editions/857547,,,,,,,,UBOE004821,http://id.sbn.it/bid/UBOE004821,,,,"https://www.google.it/books/edition/Augustini_Steuchi_Opera_omnia_quae_iam_e/pn_Rkz3BzP4C?hl=it&gbpv=1&dq=steuco+Opera+omnia,+quae+iam+extabant.&printsec=frontcover",,,,
26,847053.0,,Chaldean Oracles,...more than two,,15.0,"Patrizi, Francesco",Hermes Trismegistus,Zoroaster,,,,,,,"Patrizi, Francesco","Nova de universis philosophia in qua Aristotelica methodo non per motum, sed per lucem, & lumina, ad primam causam ascenditur. Deinde propria Patricii methodo; tota in contemplationem venit divinitas: postremo methodo Platonica, rerumuniversitas, a conditore Deo deducitur","Ferrara, [Francesco De Franceschi] apud Benedetto Mammarello, 1591",2°,3 pt.,Ferrara,"Mammarello, Benedetto","De Franceschi, Francesco (senese)",,1591,Latin,https://www.ustc.ac.uk/editions/847053,,,,,,,,BVEE016702,http://id.sbn.it/bid/BVEE016702,,Dannenfeldt 1960a (141),,https://www.google.be/books/edition/_/3-RPAAAAcAAJ?hl=it&gbpv=0,,,,
25,21005.0,,Hermetic Corpus,,,7.0,Hermes Trismegistus,,,,,,,,,"Candale, François de Foix de ",Le Pimandre,"Bordeaux, Simon Millanges, 1574",8°,ff. [72],Bordeaux,"Millanges, Simon",,,1574,French,https://www.ustc.ac.uk/editions/21005,,,,,,,,,,,Dannenfeldt 1960a (140),,https://www.google.be/books/edition/Mercurii_Trismegisti_Pimandras_utraque_l/kktWSWXOz_YC?hl=it&gbpv=0,,,,
83,110031.0,,Hermetic Corpus,,,59.0,Hermes Trismegistus,,,,,,,,,"Candalla, Franciscus",Pimandras utraque lingua restitutus. Ad Maximilianum Caesarem eius nominis quartum,"Bordeaux, apud Simon Millanges, 1574",4°,ff. 68],Bordeaux,"Millanges, Simon",,,1574,Latin,https://www.ustc.ac.uk/editions/110031,,,,,,,,,,,Dannenfeldt 1960a (140),,https://babel.hathitrust.org/cgi/pt?id=njp.32101078502745&seq=9,,,,
24,151542.0,,Hermetic Corpus,,,25.0,Hermes Trismegistus,Asclepius medicus,"da Barga, P. Angelio","Ficino, Marsilio","Stobaeus, Johann",,,,,,"Poimandrēs; Asklēpiou ōroi pros Ammōna basilea = Poemander, seu de potestate ac sapientia divina; aesculapii definitiones ad Ammonem regem","Paris, excudebat Guillaume Morel apud Adrien de Turnèbe, 1554",4°,pp. [8] 103 [1] 126 [2],Paris ,"Turnèbe, Adrien de","Morel, Guillaume",,1554,Greek,https://www.ustc.ac.uk/editions/151542,,,,,,,,,,,Dannenfeldt 1960a (139),,"https://www.digitale-sammlungen.de/en/view/bsb10150774?page=,1",,,,
46,242562.0,,Hermetic Corpus,,,,"Rosselli, Annibale",,,,,,,,,,"Pymander Mercurii Trismegisti Cum Commento Fratris Hannibalis Rosseli Calabri, Ordinis Minorum Regularis observantiae, Theologiae et Philosophiae, ad S. Bernardinum Cracoviae Profesoris. Liber secundus de Spiritu S. et Angelis","Kraków, Jan Januszowski, Drukarnia Łazarzowa, 1585",2°,pp. [8] 426 [22],Kraków,Drukarnia Łazarzowa,"Januszowski, Jan",,1585,Latin,https://www.ustc.ac.uk/editions/242562,,,,,,,,,,,Dannenfeldt 1960a (144),,https://www.google.be/books/edition/Pymander_Mercurii_Trismegisti_cum_Commen/rbQ3TnluNfsC?hl=it&gbpv=0,,,,
23,242561.0,,Hermetic Corpus,,,1.0,"Rosselli, Annibale",Hermes Trismegistus,,,,,,,,"Ficino, Marsilio","Pymander Mercurii Trismegisti Cum Commento Fratris Hannibalis Rosseli Calabri, Ordinis Minorum Regularis observantiae, Theologiae et Philosophiae, ad S. Bernardinum Cracoviae Profesoris. Liber primus de SS. Trinitate","Kraków, Jan Januszowski, Drukarnia Łazarzowa, 1585",2°,ff. [4] 381 [19],Kraków,Drukarnia Łazarzowa,"Januszowski, Jan",,1585,Latin,https://www.ustc.ac.uk/editions/242561,,,,,,,,RMLE011603,http://id.sbn.it/bid/RMLE011603,,Dannenfeldt 1960a (144),,https://www.proquest.com/docview/2230614551?sourcetype=Books,,,,
21,810106.0,,Hermetic Corpus,,,95.0,"Apuleius, Lucius",Albinus,Hermes Trismegistus,,,,,,,,"Metamorphoseos, sive Lusus asini libri XI. Floridorum IIII. De deo Socratis I. De philosophia I. Asclepius Trismegisti dialogus eodem Apuleio interprete Isagogicus liber Platonicae philosophiae per Alcinum philosophum Graece impressus","Venezia, in aedibus haer. Aldo I Manuzio & Andrea I Torresano, 1521",8°,ff. 266 (= 264) [28],Venezia,"Manuzio, Aldo (I) (heirs of)","Torresano, Andrea (I)",,1521,Greek,https://www.ustc.ac.uk/editions/810106,,,,,,,,UBOE000456,http://id.sbn.it/bid/UBOE000456,,"Dannenfeldt 1960a (146); it's listed as Greek, but it's actually in Latin",,https://gallica.bnf.fr/ark:/12148/bpt6k60422m,,,,
20,3059740.0,,Hermetic Corpus,,,25.0,,,,,,,,,,,"The divine Pymander of Hermes Mercurius Trismegistus, in XVII. books. Translated formerly out of the Arabick into Greek, and thence into Latine, and Dutch, and now out of the original into English; by that learned divine Doctor Everard.","London, printed by Robert White, for Thomas Brewster and Gregory Moule, 1650 [=1649]",8°,pp. [16]. 215. [1],London,"Brewster, Thomas","White, Robert","Moule,Gregory",1650,English,https://www.ustc.ac.uk/editions/3059740,,,,,,,,,,http://estc.bl.uk/R202412,Added by Nicolò; digital copy available through affiliated institution. ,,https://www.proquest.com/docview/2240961680?sourcetype=Books,,,,
18,150230.0,,Hermetic Corpus,,,45.0,Jamblichus,Asclepius medicus,"Ficino, Marsilio",Hermes Trismegistus,Plato,Porphyrius,,,,,"De mysteriis Aegyptiorum, Chaldaeorum, Assyriorium Proclus in Platonicum Alcibiadem de anima, atque daemone; Idem de sacrifio et magia; Porphyrius de divinis atque daemonibus de daemonibus; Mercurii Trismegisti Pimander; Asclepius","Lyon, apud Jean de Tournes (I), 1549",16°,pp. 543 [1],Lyon,"Tournes, Jean de (I)",,,1549,Latin,https://www.ustc.ac.uk/editions/150230,,,,,,,,BVEE004418,http://id.sbn.it/bid/BVEE004418,,Dannenfeldt 1960 (146),,https://www.google.be/books/edition/De_mysteriis_Aegyptiorum_liber/f8U7AAAAcAAJ?hl=it&gbpv=0,,,,
82,835644.0,,Hermetic Corpus,,,42.0,Hermes Trismegistus,"Benci, Tommaso",,,,,,,,,Il Pimandro,"Firenze, [Lorenzo Torrentino], 1549",8°,pp. [16] 119 [9],Firenze,"Torrentino, Lorenzo",,,1549,Italian,https://www.ustc.ac.uk/editions/835644,,,,,,,,BVEE006760,http://id.sbn.it/bid/BVEE006760,,Added by Nicolò,,https://www.google.be/books/edition/Il_Pimandro/4bw7AAAAcAAJ?hl=it&gbpv=0,,,,
73,170388.0,,...other,,,24.0,"Steuco, Agostino","Valla, Lorenzo",,,,,,,,,"Operum, tomus tertius. In quo haec continentur, de perenni philosophia, libri 10. De mundi exitio. De Eugubii, urbis suae nomine. De falsa donatione Constantini adversus Laurentium Vallam, libri 2. De restituenda navigatione Tiberis, oratio, ad Paulum II","Paris, apud Michel Sonnius, 1577",2°,ff. [12] 296 [16],Paris,"Sonnius, Michel",,,1577,Latin,https://www.ustc.ac.uk/editions/170388,,,,,,,,PUVE033065,http://id.sbn.it/bid/PUVE033065,,,,https://www.google.it/books/edition/Opera_quae_extant_omnia/4U5Cxs-aanAC?hl=it&gbpv=1&dq=De+perenni+philosophia&printsec=frontcover,,,,
17,141453.0,,Hermetic Corpus,,,68.0,Jamblichus,Hermes,Porphyrius,"Proclus, Diadochus","Psellus, Michael",,"Ficino, Marsilio (Editor)",,,,"De Mysteriis Aegyptiorum, Chaldaeorum, Assyriorum. Proclus in platonicum Alcibiadem de anima atque daemone. De sacrificio et magia. Porphyrius de divinis atque daemonibus. Psellus de Daemonibus. Mercurii Trismegisti Pimander","Lyon, apud Jean de Tournes (II), 1577",16°,pp. 543 [1],Lyon,"Tournes, Jean de (II)",,,1577,Latin,https://www.ustc.ac.uk/editions/141453,,,,,,,,BVEE021017,http://id.sbn.it/bid/BVEE021017,,Dannenfeldt 1960a (143),,https://books.google.be/books?vid=GENT900000139080,,,,
16,810104.0,,Hermetic Corpus,,,50.0,"Apuleius, Lucius","Ficino, Marsilio",Hermes Trismegistus,,,,,,,,"De asino aureo libelli XI. Floridorum libri quatuor. De dogmate Platonis liber unicus. De philosophia item liber unicus. Asclepius, Mercurii Trismegisti Dialogus de voluntate divina, interprete L. Apuleio. Eiusdem Trismegisti Dialogus de potestate et sapientia dei, interprete Marsilio Ficino Item in calce L. Apuleii Orationes duae pro se ipso","Firenze, opera & impensa Filippo I Giunta, 1512",8°,ff. [2] CCLIII [1],Firenze,"Giunta, Filippo (I)",,,1512,Latin,https://www.ustc.ac.uk/editions/810104,,,,,,,,UBOE000872,http://id.sbn.it/bid/UBOE000872,,Dannenfeldt 1960a (139),,"Digitalization process incomplete, see: https://www.internetculturale.it/it/16/search/detail?id=oai%3Abncf.firenze.sbn.it%3A21%3AFI0098%3AMagliabechi%3AUBOE000872",,,,
15,158290.0,,Hermetic Corpus,,,61.0,Jamblichus,Hermes,Porphyrius,"Proclus, Diadochus","Psellus, Michael",,"Ficino, Marsilio (Editor)",,,,"De mysteriis Aegyptiorum, Chaldaeorum, Assyriorum proclus in Platonicum Alcibiadem de anima atque daemone. De sacrificio et magia. Porphyrius de divinis atque daemonibus. Psellus de daemonibus. Mercurii Trismegisti Pimander","Lyon, apud Jean de Tournes (II), 1570",16°,pp. 543 [1],Lyon,"Tournes, Jean de (II)",,,1570,Latin,https://www.ustc.ac.uk/editions/158290,,,,,,,,TO0E030952,http://id.sbn.it/bid/TO0E030952,,Dannenfeldt 1960a (139),,https://books.google.be/books?vid=GENT900000071759,,,,
106,6014753.0,,Sibylline Oracles,,,1.0,,,,,,,,,,,"Sibyllina Oracula ex veteris codicibus aucta, renovata et notis illustrata","Paris, s.n., 1607",8°,,Paris,s.n. ,,,1607,Latin,https://www.ustc.ac.uk/editions/6014753,,,,,,,,,,,This might be the same as USTC_ID 6015959 (see also USTC_ID 6025509 and 6014800).,,See USTC_ID 6015959. ,,,,
104,6025509.0,,Sibylline Oracles,,,1.0,,,,,,,,,,,"Hoc est Sibyllina Oracula, ex vett. codd. aucta, renovata et notis illustrata a D. Johanne Opsopaeo Brettano, cum interpretatione latina Sebastiani Castalionis et indice","Paris, s.n., 1607",8°,,Paris,s.n. ,,,1607,Latin,https://www.ustc.ac.uk/editions/6025509,,,,,,,,,,,This might be the same as USTC_ID 6015959 (see also USTC_ID 6014753 and 6014800).,,See USTC_ID 6015959. ,,,,
88,5037231.0,,Chaldean Oracles,,,1.0,"Opsopoei, Johannis",,,,,,,,,,Oracula magica zoroastris cum scholiis plethonis et pselli nunc primum editi e bibliotheca regia,"Madrid, s.n., 1607.",8°,pp. 7-144.,Madrid,s.n. ,,,1607,Latin,https://www.ustc.ac.uk/editions/5037231,,,,,,,,,,,Added by Nicolò (it may be a bibliographical ghost or maybe USTC_ID 6025509 from Paris?,,"No digital copy. But see USTC_ID 6025509 for a Sibylline Oracle book by the same editor/author and year... in Paris, which does include Chaldean Oracles. ",,,,
108,6014800.0,,Sibylline Oracles,,,1.0,,,,,,,,,,,"Sibyllina oracula ex veteris codicibus aucta, et notis illustrata, cum interpretatione latina et indice","Paris, s.n., 1607",8°,,Paris,s.n. ,,,1607,Latin,"
https://www.ustc.ac.uk/editions/6014800",,,,,,,,,,,This might be the same as USTC_ID 6015959 (see also USTC_ID 6025509 and 6014753).,,See USTC_ID 6015959. ,,,,
14,6703168.0,,Hermetic Corpus,,,3.0,Jamblichus,"Ficino, Marsilio","Apuleius, Lucius","Tournes, Jean de II",,,,,,,"De mysteriis Aegyptiorum, Chaldeorum, Assyriorum","Genève, apud Jean de Tournes, 1607",16°,pp. 543 [1],Genève,"Tournes, Jean de",,,1607,Latin,https://www.ustc.ac.uk/editions/6703168,,,,,,,,VEAE008082,http://id.sbn.it/bid/VEAE008082,,Dannenfeldt 1960a (139),,https://www.google.be/books/edition/De_mysteriis_Aegyptiorum_liber/l2k-AAAAcAAJ?hl=it&gbpv=0,,,,
39,6015959.0,,Sibylline Oracles,Chaldean Oracles,,1.0,,,,,,,,,,,"Sibylliakoi kresmoi hoc est Sibyllina oracula ex uett. codd. aucta, renouata, et notis illustrata a d. Johanne Opsopœo Brettano. Cum interpretatione Latina Sebastiani Castalionis et Indice","Paris, s.n., 1607",8°,"pp. [16] 524, 71 [3]; [2] 7-144; [2] VII-XXIIII, 114 [6]",Paris ,,,,1607,Latin/Greek,https://www.ustc.ac.uk/editions/6015959,,,,,,,,TO0E012594,http://id.sbn.it/bid/TO0E012594,,Dannenfeldt 1960b (159),,https://www.google.be/books/edition/Sibylliakoi_kresmoi_hoc_est_Sibyllina_Or/XxuAeb33V0EC?hl=it&gbpv=1&dq=Sibylliakoi+kresmoi+hoc+est+Sibyllina+oracula&printsec=frontcover,,,,
13,151074.0,,Hermetic Corpus,,,39.0,Jamblichus,"Ficino, Marsilio",Hermes,Porphyrius,"Proclus, Diadochus","Psellus, Michael",,,,,"De mysteriis Aegyptiorum, Chaldaeorum, Assyriorum, Proclus in Platonicum Alcibiadem de anima atque daemone. De sacrificio et magia","Lyon, apud Jean de Tournes (I), 1552",16°,pp. 543 [1],Lyon,"Tournes, Jean de (I)",,,1552,Latin,https://www.ustc.ac.uk/editions/151074,,,,,,,,TO0E018789,http://id.sbn.it/bid/TO0E018789,,Dannenfeldt 1960a (139),,https://www.google.be/books/edition/Iamblichus_De_Mysteriis_Aegyptiorum_Chal/M2WVbM4fqlkC?hl=it&gbpv=0,,,,
12,994416.0,,Hermetic Corpus,,,7.0,Hermes Trismegistus,,,,,,,,,,De potestate et sapientia Dei,"[Venezia, Petrus de Quarengiis, about 1517]",4°,,Venezia,"Quarengiis, Petrus de",,,1517,Latin,https://www.ustc.ac.uk/editions/994416,GWX703a,http://www.gesamtkatalogderwiegendrucke.de/docs/GWX703a.htm,ih00083000,http://data.cerl.org/istc/ih00083000,,,,,,,Campanelli 2011 (LXXV); this edition might be the same as USTC_ID 835642.,,https://digital.wlb-stuttgart.de/index.php?id=6&tx_dlf%5Bid%5D=7705&tx_dlf%5Bpage%5D=1,,,,
19,835642.0,,Hermetic Corpus,,,12.0,Hermes Trismegistus,"Lazzarelli, Ludovico",,,,,,,,,Contenta in hoc volumine. Pimander Mercurii Trismegisti liber de sapientia & potestate Dei. Asclepius. Eiusdem Mercurii liber de voluntate divina. Item Crater Hermetis a Lazarelo Septempedano,"[Venezia, Pietro Quarengi, 1517]",4°,ff. 42,Venezia,"Quarengi, Pietro (uncertain)",,,1517,Latin,https://www.ustc.ac.uk/editions/835642,,,,,,,,RMLE009521,http://id.sbn.it/bid/RMLE009521,,Campanelli 2011 (LXXV); see USTC_ID 994416.,,"No download link provided, but we may actually have this: see Veritrace_ID 12.",,,,
136,843820.0,,Orphic Hymns,,,65.0,Musaeus Grammaticus ,,,,,,,,,,Poiemation ta kath'Hero kai Leandron. Orpheos argonautika. Tou autou hymnoi Orpheos peri lithon. Musaei opusculum de Herone & Leandro. Orphei argonautica. Eiusdem hymni. Orpheus de lapidibus,"Venezia, in aedibus haer. Aldo I Manuzio & Andrea I Torresano, 1517",8°,,Venezia,"Torresano, Andrea (I)","Manuzio, Aldo (I) (heirs of)",,1517,Latin ,https://www.ustc.ac.uk/editions/843820,,,,,,,,TO0E015179,http://id.sbn.it/bid/TO0E015179,,Added by Nicolò,,https://www.google.be/books/edition/Mousaiou_poiemation_ta_kath_Hero_kai_Lea/DweI9SYevLoC?hl=it&gbpv=0,,,,
11,143065.0,,Hermetic Corpus,,,27.0,Hermes Trismegistus,Asclepius medicus,"Matt, Wolfgang von","Schilling, Jan",,,"Estienne, Henri (Translator)",,,"Ficino, Marsilio",Contenta in hoc volumine Pimander; liber de de [sic] sapientia et potestate Dei; liber de voluntate divina. Item Crater Hermetis,"Paris, in officina Henri Estienne, 1505",4°,ff. 81 [=82],Paris ,"Estienne, Henri",,,1505,Latin,https://www.ustc.ac.uk/editions/143065,,,,,,,,BVEE025055,http://id.sbn.it/bid/BVEE025055,,Dannenfeldt 1960a (139),,https://gallica.bnf.fr/ark:/12148/bpt6k538049.r=.langEN,,,,
10,202354.0,,Hermetic Corpus,,,25.0,Hermes Trismegistus,,,,,,,,,"Ficino, Marsilio",De potestate et sapientia Dei,"Paris, [Johannes Higman, for or with] Wolfgang Hopyl, 31 July 1494",4°,ff. [38],Paris ,"Higman, Johannes","Hopyl, Wolfgang",,1494,Latin,https://www.ustc.ac.uk/editions/202354,GW12315,http://www.gesamtkatalogderwiegendrucke.de/docs/GW12315.htm,ih00082000,http://data.cerl.org/istc/ih00082000,https://data.cerl.org/mei/02142466,,,,,,"Dannenfeldt 1960a (139); four MEI URLS listed, I've only added one. ",,https://www.bvh.univ-tours.fr/Consult/consult.asp?numtable=B180336101_INC276_5&numfiche=931&mode=3&offset=0&ecran=0,,,,
9,994419.0,,Hermetic Corpus,,,45.0,Hermes Trismegistus,,,,,,,,,,De potestate et sapientia Dei,"Venezia, Lucas Dominici, 15 May 1481",4°,ff. [44],Venezia,"Dominici, Lucas",,,1481,Latin,https://www.ustc.ac.uk/editions/994419,GW12312,http://www.gesamtkatalogderwiegendrucke.de/docs/GW12312.htm,ih00079000,http://data.cerl.org/istc/ih00079000,https://data.cerl.org/mei/_search?query=data.hostItemId:ih00079000,,,VEAE144693,http://id.sbn.it/bid/VEAE144693,,Dannenfeldt 1960a (138),,https://archive.org/details/ita-bnc-in2-00001254-003/page/n10/mode/2up,,,,
8,994420.0,,Hermetic Corpus,,,8.0,Hermes Trismegistus,,,,,,,,,"Ficino, Marsilio",De potestate et sapientia Dei,"Ferrara, Andreas Belfortis, 8 January 1472",4°,ff. [40],Ferrara,"Belfortis, Andreas",,,1472,Latin,https://www.ustc.ac.uk/editions/994420,GW12311,http://www.gesamtkatalogderwiegendrucke.de/docs/GW12311.htm,ih00078000,http://data.cerl.org/istc/ih00078000,https://data.cerl.org/mei/02000807,,,,,,"Dannenfeldt 1960a (138); three different MEI URLS listed, I've only added one. ",,https://daten.digitale-sammlungen.de/0006/bsb00067142/images/,,,,
7,145506.0,,Hermetic Corpus,,,23.0,Hermes Trismegistus,Asclepius medicus,"Lazarelli, Lodovico",,,,"Lefèvre d'Étaples, Jacques (Editor)",Lucius Apuleius (Translator),,"Ficino, Marsilio","Contenta in hoc volumine: Pimander, liber de sapientia et potestate dei. Asclepius, liber de voluntate divina. Item Crater Hermetis, a Lazarelo Septempedano","Paris, in officina Simon de Colines, 1522",4°,ff. 82,Parigi,"Colines, Simon de",,,1522,Latin,https://www.ustc.ac.uk/editions/145506,,,,,,,,RMLE009578,http://id.sbn.it/bid/RMLE009578,,Dannenfeldt 1960a (139),,No download link provided or found anywhere else.,,,,
22,810105.0,,Hermetic Corpus,,,57.0,"Apuleius, Lucius",Hermes Trismegistus,,,,,,,,,Metamorphoseon sive De asino aureo libri XI. Floridorum libri IIII. De deo Socratis libellus. Apologiae libri II. Trismegisti dialogus. De mundo sive De cosmographia liber I.Trismegisti dialogus,"Firenze, per haer. Filippo I Giunta, 1522",8°,ff. [8] 273 (= 255) [1],Firenze,"Giunta, Filippo (I) (heirs of)",,,1522,Latin,https://www.ustc.ac.uk/editions/810105,,,,,,,,TO0E017937,http://id.sbn.it/bid/TO0E017937,,Dannenfeldt 1960a (146),,https://babel.hathitrust.org/cgi/pt?id=ucm.5320234761&seq=2,,,,
6,836115.0,,Hermetic Corpus,,,75.0,Jamblichus,Albinus,"Ficino, Marsilio",Hermes Trismegistus,Porphyrius,Priscianus Caesariensis,,,,,"Index eorum, quae hoc in libro habentur. Iamblichus de mysteriis Aegyptiorum, Chaldaeorum, Assyriorum. Proclus in Platonicum Alcibiadem de anima, atque daemone. Proclus de sacrificio, & magia. Porphyrius de divinis, atque daemonibus. Synesius Platonicus de somniis. Psellus de daemonibus. Expositio Prisciani, & Marsilii in Theophrastum de sensu, phantasia, & intellectu. Alcinoi Platonici philosophi, liber de doctrina Platonis. Speusippi Platonis discipuli, liber de Platonis definitionibus. Pythagoræ philosophi aurea verba. Symbola Pithagoræ philosophi. Xenocratis philosophi Platonici, liber de morte. Mercurii Trismegisti Pimander. Eiusdem Asclepius. Marsilii Ficini de triplici vita libri II. Eiusdem liber de uoluptate. Eiusdem de sole & lumine","Venezia, in aedibus haer. Aldo I Manuzio & Andrea I Torresano, 1516",2°,ff. 177 (= 175) [[1],Venezia,"Torresano, Andrea (I)","Manuzio, Aldo (I) (heirs of)",,1516,Latin,https://www.ustc.ac.uk/editions/836115,,,,,,,,BVEE059170,http://id.sbn.it/bid/BVEE059170,,Dannenfeldt 1960a (139),,https://www.google.be/books/edition/_/AhjFVjAfUqwC?hl=it&sa=X&ved=2ahUKEwiC0bnC952EAxWyBfsDHRC4Cj8Qre8FegQIERAD=,,,,
5,614107.0,,Hermetic Corpus,,,15.0,Hermes (Trismegistus),,,,,,"Ficinus, Marsilius","Merstetter, Jakob",,,Aureum planeque divinum opusculum mercurii trismegisti de potestate ac sapiencia dei: interprete marsilio ficino Florentino,"[Mainz, per Johann Schöffer, 1503]",4°,ff. [49],Mainz,"Schöffer, Johann",,,1503,Latin,https://www.ustc.ac.uk/editions/614107,,,,,,H 2461,https://gateway-bayern.de/VD16+H+2461,,,,Dannenfeldt 1960a (139),,"https://www.digitale-sammlungen.de/en/view/bsb00002193?page=,1",,,,
80,991951.0,,...other,,,175.0,Plato,,,,,,,,,,Opera [Latin].,"Venezia, Bernardinus de Choris, and Bartholomaeus de Blavis, for Andreas Torresanus, 13 August 1491",2°,ff. [448],Venezia,"Choris, Bernardinus de","Torresanus, Andreas","Blavis,Bartholomaeus de",1491,Latin,https://www.ustc.ac.uk/editions/991951,M33918,https://www.gesamtkatalogderwiegendrucke.de/docs/M33918.htm,ip00772000,https://data.cerl.org/istc/ip00772000,https://data.cerl.org/mei/_search?query=data.hostItemId:ip00772000,,,,,,Includes Ficino's Theologia platonica (added by Nicolò),,https://daten.digitale-sammlungen.de/0005/bsb00059968/images/,,,,
4,994418.0,,Hermetic Corpus,,,53.0,Hermes Trismegistus,,,,,,,,,,De potestate et sapientia Dei,"Venezia, Maximus de Butricis, 29 July 1491",4°,ff. [26],Venezia,"Butricis, Maximus de",,,1491,Latin,https://www.ustc.ac.uk/editions/994418,GW12313,http://www.gesamtkatalogderwiegendrucke.de/docs/GW12313.htm,ih00080000,http://data.cerl.org/istc/ih00080000,,,,UM1E025591,http://id.sbn.it/bid/UM1E025591,,Dannenfeldt 1960a (139),,https://www.bibliotecavirtualdeandalucia.es/catalogo/catalogo_imagenes/grupo.cmd?path=10046,,,,
3,675716.0,,Hermetic Corpus,,,46.0,Hermes (Trismegistus),Jamblichus Chalcidensis,Proclus (Diadochus),,,,"Ficinus, Marsilius",Apuleius (Madaurensis),"Isengrin,Michael",,"Pymander, de potestate et sapientia Dei","Basel, [per Michael Isengrin], 1532",8°,pp. 480 [4],Basel,"Isengrin, Michael",,,1532,Latin,https://www.ustc.ac.uk/editions/675716,,,,,,H 2462,https://gateway-bayern.de/VD16+H+2462,BVEE020398,http://id.sbn.it/bid/BVEE0203981,,Dannenfeldt 1960a (139),,https://www.e-rara.ch/bau_1/doi/10.3931/e-rara-290,,,,
2,994417.0,,Hermetic Corpus,,,75.0,Hermes Trismegistus,,,,,,,,,,De potestate et sapientia Dei,"Venezia, Damianus de Mediolano, 10 May 1493",4°,ff. 32,Venezia,"Mediolano, Damianus de",,,1493,Latin,https://www.ustc.ac.uk/editions/994417,GW12314,http://www.gesamtkatalogderwiegendrucke.de/docs/GW12314.htm,ih00081000,http://data.cerl.org/istc/ih00081000,https://data.cerl.org/mei/_search?query=data.hostItemId:ih00081000,,,VEAE127821,http://id.sbn.it/bid/VEAE127821,,Dannenfeldt 1960a (139),,https://collections.thulb.uni-jena.de/rsc/viewer/HisBest_derivate_00004624/BE_1397_0533.tif,,,,
36,997570.0,,Hermetic Corpus,,,95.0,"Apuleius, Lucius",,,,,,"Bussi, Giovanni Andrea (Editor)",,,,Opera,"Venezia, Philippus Pincius, 30 April 1493",2°,ff. [118],Venezia,"Pincius, Philippus",,,1493,Latin,https://www.ustc.ac.uk/editions/997570,GW02303,https://www.gesamtkatalogderwiegendrucke.de/docs/GW02303.htm,ia00936000,https://data.cerl.org/istc/ia00936000,https://data.cerl.org/mei/_search?query=data.hostItemId:ia00936000,,,CAGE000324,http://id.sbn.it/bid/CAGE000324,,Dannenfeldt 1960a (146),,https://daten.digitale-sammlungen.de/~db/0004/bsb00045652/images/index.html,,,,
1,994421.0,,Hermetic Corpus,,,50.0,Hermes Trismegistus,,,,,,,,,"Ficino, Marsilio",De potestate et sapientia Dei,"Treviso, Gerardus de Lisa, 18 December 1471",8°,ff. [56],Treviso,"Lisa, Gerardus de",,,1471,Latin,https://www.ustc.ac.uk/editions/994421,GW12310,http://www.gesamtkatalogderwiegendrucke.de/docs/GW12310.htm,ih00077000,https://data.cerl.org/istc/ih00077000,https://data.cerl.org/mei/_search?query=data.hostItemId:ih00077000,,,PALE007433,http://id.sbn.it/bid/PALE007433,,Dannenfeldt 1960a (138),,https://gallica.bnf.fr/ark:/12148/bpt6k60830b,,,,
